breadcrumb,mappingValue
Home -> Audio & MP3 -> Accessories & Cable -> Analogue Audio Cables ,electronics/ipod-mp3-players/accessories/cable-connectors
Home -> Audio & MP3 -> Accessories & Cable -> Digital Audio Cables ,electronics/ipod-mp3-players/accessories/cable-connectors
Home -> Audio & MP3 -> Accessories & Cable -> Microphones ,electronics/ipod-mp3-players/accessories/cable-connectors
Home -> Audio & MP3 -> Accessories & Cable -> Speaker Cables ,electronics/ipod-mp3-players/accessories/cable-connectors
Home -> Audio & MP3 -> Accessories & Cable -> iPod Accessories ,electronics/ipod-mp3-players/accessories/ipod-accessories
Home -> Audio & MP3 -> Apple iPod ,electronics/ipod-mp3-players/apple-ipods
Home -> Audio & MP3 -> Apple iPod -> iPod Classic ,electronics/ipod-mp3-players/apple-ipods
Home -> Audio & MP3 -> Apple iPod -> iPod Nano ,electronics/ipod-mp3-players/apple-ipods
Home -> Audio & MP3 -> Apple iPod -> iPod Shuffle ,electronics/ipod-mp3-players/apple-ipods
Home -> Audio & MP3 -> Apple iPod -> iPod Touch ,electronics/ipod-mp3-players/apple-ipods
Home -> Audio & MP3 -> Audio Systems -> Components ,electronics/home-audio-theatre/cd-changers-turntables
Home -> Audio & MP3 -> Audio Systems -> Home Theatre Systems ,electronics/home-audio-theatre/home-theatre-systems
Home -> Audio & MP3 -> Audio Systems -> Micro & Mini Hi-Fi ,electronics/home-audio-theatre/stereo-shelf-systems
Home -> Audio & MP3 -> Audio Systems -> Soundbar ,electronics/home-audio-theatre/home-theatre-systems
Home -> Audio & MP3 -> Audio Systems -> Speakers ,electronics/home-audio-theatre/speakers-mounts-stands
Home -> Audio & MP3 -> Earphones ,electronics/home-audio-theatre/headphones/in-ear
Home -> Audio & MP3 -> Headphones ,electronics/home-audio-theatre/headphones/on-ear
Home -> Audio & MP3 -> MP3 Players ,electronics/portable-audio/mp3-players
Home -> Audio & MP3 -> Musical Instruments -> Keyboards ,music/musical-instruments-karaoke/keyboards
Home -> Audio & MP3 -> Musical Instruments -> Musical Toys ,music/musical-instruments-karaoke/musical-toys
Home -> Audio & MP3 -> Portable Audio -> Alarm Clock Radios ,electronics/radios
Home -> Audio & MP3 -> Portable Audio -> CD & Cassette Players ,electronics/portable-audio/cd-cassette-players
Home -> Audio & MP3 -> Portable Audio -> Digital Voice Recorders ,electronics/portable-audio/digital-voice-recorders
Home -> Audio & MP3 -> Portable Audio -> Portable Radios ,electronics/portable-audio/portable-radios
Home -> Audio & MP3 -> iPod Docks ,electronics/portable-audio/accessories/docking-stations
Home -> Car & GPS -> CB Radios -> Accessories ,electronics/auto-electronics/cb-radios
Home -> Car & GPS -> CB Radios -> Radios & Scanners ,electronics/auto-electronics/cb-radios
Home -> Car & GPS -> Car Accessories ,electronics/auto-electronics/accessories
Home -> Car & GPS -> Car Accessories -> Inverters ,electronics/auto-electronics/power-inverters
Home -> Car & GPS -> GPS Accessories -> Handheld Accessories ,electronics/gps-navigation/accessories
Home -> Car & GPS -> GPS Accessories -> In-Car Accessories ,electronics/gps-navigation/accessories
Home -> Car & GPS -> GPS Navigation -> Hand Held Navigation ,electronics/gps-navigation/handheld-gps-units
Home -> Car & GPS -> GPS Navigation -> In-Car Navigation ,electronics/gps-navigation/auto-gps-units
Home -> Computers -> Accessories ,electronics/computers/accessories
Home -> Computers -> Accessories -> Computer Cables & Adaptors ,electronics/computers/cable-connectors
Home -> Computers -> Accessories -> Computer Parts ,electronics/computers/components/memory-ram
Home -> Computers -> Accessories -> Headsets ,electronics/computers/accessories/microphones-headsets
Home -> Computers -> Accessories -> Keyboards ,electronics/computers/accessories/keyboards-mice-joysticks
Home -> Computers -> Accessories -> Laptop Accessories ,electronics/computers/accessories/laptop-accessories
"Home -> Computers -> Accessories -> Laptop Bags, Sleeves & Cases ",electronics/computers/accessories/cases-bags
Home -> Computers -> Accessories -> Mac Accessories ,electronics/computers/accessories/apple-accessories
Home -> Computers -> Accessories -> Mice ,electronics/computers/accessories/keyboards-mice-joysticks
Home -> Computers -> Accessories -> PC Speakers ,electronics/computers/accessories/computer-speakers
Home -> Computers -> Accessories -> USB Hubs ,electronics/computers/accessories/hubs-usb-gadgets
Home -> Computers -> Accessories -> Webcams ,electronics/computers/accessories/web-cameras
Home -> Computers -> Apple Computers -> AppleCare Protection ,electronics/computers/apple/applecare-protection
Home -> Computers -> Apple Computers -> MacBook Air ,electronics/computers/apple/laptops
Home -> Computers -> Apple Computers -> MacBook Pro ,electronics/computers/apple/laptops
Home -> Computers -> Apple iPad -> Apple iPad ,electronics/computers/apple/ipads
Home -> Computers -> Apple iPad -> iPad Accessories ,electronics/computers/accessories/apple-accessories
Home -> Computers -> Computers -> All-in-One PCs ,electronics/computers/desktops
Home -> Computers -> Computers -> Laptops & Notebooks ,electronics/computers/laptops
Home -> Computers -> Computers -> Monitors ,electronics/computers/monitors
Home -> Computers -> Computers -> Ultrabooks ,electronics/computers/laptops
Home -> Computers -> Software -> Business Software ,electronics/computers/softwares
Home -> Computers -> Software -> Educational Software ,electronics/computers/softwares
Home -> Computers -> Software -> Mac Software ,electronics/computers/softwares
Home -> Computers -> Software -> Security Software ,electronics/computers/softwares
Home -> Computers -> Tablets ,electronics/computers/tablet-pcs-ereaders/tablets
Home -> Computers -> USB & Hard Drives -> CD/DVD Drives & Burners ,electronics/computers/components/cd-dvd-bluray-drives
Home -> Computers -> USB & Hard Drives -> Hard Drives & Cases ,electronics/computers/components/hard-drives
Home -> Computers -> USB & Hard Drives -> USB Thumb Drives ,electronics/computers/accessories/usb-flash-drives
Home -> Computers -> eReaders & Accessories ,electronics/computers/tablet-pcs-ereaders/ebook-readers
Home -> Gaming -> Nintendo 3DS -> Nintendo 3DS Accessories ,electronics/video-games/nintendo-3ds/accessories
Home -> Gaming -> Nintendo 3DS -> Nintendo 3DS Games ,electronics/video-games/nintendo-3ds/games
Home -> Gaming -> Nintendo DS & DSi -> Nintendo DS & DSi Accessories ,electronics/video-games/nintendo-ds/accessories
Home -> Gaming -> Nintendo Wii -> Wii Accessories ,electronics/video-games/nintendo-wii/accessories
Home -> Gaming -> Nintendo Wii U -> Wii U Accessories ,electronics/video-games/nintendo-wii-u/accessories
Home -> Gaming -> Nintendo Wii U -> Wii U Consoles ,electronics/video-games/nintendo-wii-u/consoles
Home -> Gaming -> Nintendo Wii U -> Wii U Games ,electronics/video-games/nintendo-wii-u/games
Home -> Gaming -> PC Games ,electronics/video-games/pc-gaming/games
Home -> Gaming -> PC Games -> PC Games ,electronics/video-games/pc-gaming/games
Home -> Gaming -> PC Games -> PC Peripherals ,electronics/video-games/pc-gaming/peripherals
Home -> Gaming -> PSP Handhelds -> PSP Accessories ,electronics/video-games/psp/accessories
Home -> Gaming -> PSP Handhelds -> PSP Games ,electronics/video-games/psp/games
Home -> Gaming -> PSP Handhelds -> PSP Handhelds ,electronics/video-games/psp/consoles
Home -> Gaming -> PlayStation 3 -> PlayStation 3 Accessories ,electronics/video-games/playstation-3/accessories
Home -> Gaming -> PlayStation 3 -> PlayStation 3 Consoles ,electronics/video-games/playstation-3/consoles
Home -> Gaming -> PlayStation 3 -> PlayStation 3 Games ,electronics/video-games/playstation-3/games
Home -> Gaming -> PlayStation Vita -> PlayStation Vita Accessories ,electronics/video-games/playstation-vita/accessories
Home -> Gaming -> PlayStation Vita -> PlayStation Vita Consoles ,electronics/video-games/playstation-vita/consoles
Home -> Gaming -> Xbox 360 -> Xbox 360 Accessories ,electronics/video-games/xbox-360/accessories
Home -> Gaming -> Xbox 360 -> Xbox 360 Consoles ,electronics/video-games/xbox-360/consoles
Home -> Gaming -> Xbox 360 -> Xbox 360 Games ,electronics/video-games/xbox-360/games
Home -> Gaming -> Xbox 360 -> Xbox 360 Kinect ,electronics/video-games/xbox-360/games
Home -> Home & Security -> Babies & Kids -> Baby Monitors ,baby/health-safety/safety/baby-monitors
Home -> Home & Security -> Babies & Kids -> Toys ,baby/activities-toys/baby-toy-sets
Home -> Home & Security -> Health & Fitness -> Pedometers ,sports-outdoors/exercise-fitness/exercise-fitness-accessories/pedometers
"Home -> Home & Security -> Home Appliances -> Clocks, Watches & Timers ",home-living/decorations/clocks
Home -> Home & Security -> Home Appliances -> Personal Grooming ,beauty/shaving/trimmers-clippers
Home -> Home & Security -> Home Appliances -> Thermometers ,patio-garden/patio-outdoor-decorations/clocks-weather
Home -> Home & Security -> Home Appliances -> Weather Stations ,patio-garden/patio-outdoor-decorations/clocks-weather
Home -> Home & Security -> Lighting -> Decorative & Festive Lighting ,home-living/lighting/decorative-festive-lighting
Home -> Home & Security -> Lighting -> Night Lights ,home-living/lighting/night-lights
"Home -> Home & Security -> Lighting -> Torches, Globes & Lamps ",home-living/lighting/lighting-accessories
Home -> Home & Security -> Security -> Home & Business Monitoring ,home-living/safety-securyity/surveillance-equipment
Home -> Home & Security -> Tools -> Electrical Tools ,building-renovation/electrical/electrical-tools
Home -> Home & Security -> Tools -> General Tools ,building-renovation/tools/hand-tools/tools-sets
Home -> Home & Security -> Tools -> Tapes/Adhesives/Aerosols ,building-renovation/sealants-fillers-adhesives
Home -> Mobiles & Wireless -> Apple iPhone Accessories ,electronics/cell-phones/accessories/iphone-accessories
Home -> Mobiles & Wireless -> Mobile Phone Accessories -> Bluetooth Headsets ,electronics/cell-phones/accessories/bluetooth-headsets
Home -> Mobiles & Wireless -> Mobile Phone Accessories -> Cases ,electronics/cell-phones/accessories/cases-covers
Home -> Mobiles & Wireless -> Mobile Phone Accessories -> Chargers ,electronics/cell-phones/accessories/chargers
Home -> Mobiles & Wireless -> Mobile Phone Accessories -> Mobile Phone Accessories ,electronics/cell-phones/accessories/others
Home -> Mobiles & Wireless -> Mobile Phone Accessories -> Other Accessories ,electronics/cell-phones/accessories/others
Home -> Mobiles & Wireless -> Networking & Wireless -> ADSL Filter ,electronics/computers/networking/networking-cables-accessories
Home -> Mobiles & Wireless -> Networking & Wireless -> Adaptors & Cards ,electronics/computers/networking/network-adapters-cards
Home -> Mobiles & Wireless -> Networking & Wireless -> Modems ,electronics/computers/networking/modems
Home -> Mobiles & Wireless -> Networking & Wireless -> Network Cables ,electronics/computers/networking/networking-cables-accessories
Home -> Mobiles & Wireless -> Networking & Wireless -> Pre-Paid Wireless Broadband ,electronics/cell-phones/mobile-broadband
Home -> Mobiles & Wireless -> Networking & Wireless -> Routers & Switches ,electronics/computers/networking/routers
Home -> Mobiles & Wireless -> Pre-Paid Mobiles -> 2degrees ,electronics/cell-phones/pre-paid-phones/2degrees
Home -> Mobiles & Wireless -> Pre-Paid Mobiles -> Skinny Mobile ,electronics/cell-phones/pre-paid-phones/skinny-mobile
Home -> Mobiles & Wireless -> Pre-Paid Mobiles -> Telecom XT ,electronics/cell-phones/pre-paid-phones/telecom-xt
Home -> Mobiles & Wireless -> Pre-Paid Mobiles -> iPhone ,electronics/cell-phones/pre-paid-phones/vodafone
Home -> Mobiles & Wireless -> Unlocked Mobile Phones -> Mobile Phones ,electronics/cell-phones/unlocked-phones
Home -> Mobiles & Wireless -> Unlocked Mobile Phones -> Smart Phones ,electronics/cell-phones/unlocked-phones
Home -> Photography -> Accessories -> Bags & Cases ,electronics/cameras-camcorders/accessories/bags-cases
Home -> Photography -> Accessories -> Batteries & Chargers ,electronics/cameras-camcorders/accessories/batteries-adaptors-chargers
Home -> Photography -> Accessories -> Cables ,electronics/cameras-camcorders/accessories/cables-connectors
"Home -> Photography -> Accessories -> Lenses, Filters & Flashes ",electronics/cameras-camcorders/accessories/lenses-filters
Home -> Photography -> Accessories -> Memory Cards ,electronics/cameras-camcorders/accessories/memory-cards
Home -> Photography -> Accessories -> Tapes ,electronics/cameras-camcorders/accessories/tapes
Home -> Photography -> Accessories -> Tripods ,electronics/cameras-camcorders/accessories/tripods
Home -> Photography -> Cameras & Camcorders -> Camcorders ,electronics/cameras-camcorders/camcorders
Home -> Photography -> Cameras & Camcorders -> Digital SLRs ,electronics/cameras-camcorders/dslr-cameras
Home -> Photography -> Cameras & Camcorders -> Point & Shoot ,electronics/cameras-camcorders/point-shoot-cameras
Home -> Photography -> Photo Frames -> Digital ,electronics/cameras-camcorders/accessories/digital-frames
Home -> Printers & Office -> Adaptors & Power -> Filters & Surge Protectors ,electronics/computers/accessories/surge-protectors
Home -> Printers & Office -> Adaptors & Power -> Home Electricals ,building-renovation/electrical/cords-powerboards/timers
Home -> Printers & Office -> Adaptors & Power -> Power Boards & Adaptors ,building-renovation/electrical/cords-powerboards/powerboards
Home -> Printers & Office -> Adaptors & Power -> Power Supplies ,electronics/computers/accessories/batteries-ac-adaptors
Home -> Printers & Office -> Adaptors & Power -> Transformers ,electronics/computers/accessories/surge-protectors
Home -> Printers & Office -> Adaptors & Power -> Travel Adaptors ,home-living/luggage/travel-accessories
Home -> Printers & Office -> Adaptors & Power -> Uninterruptable Power Supplies ,electronics/computers/accessories/surge-protectors
Home -> Printers & Office -> Batteries -> Button Cell / Watch ,electronics/batteries/button-cell-watch
Home -> Printers & Office -> Batteries -> Chargers ,electronics/batteries/chargers
Home -> Printers & Office -> Batteries -> General ,electronics/batteries/general
Home -> Printers & Office -> Batteries -> Photography ,electronics/cameras-camcorders/accessories/batteries-adaptors-chargers
Home -> Printers & Office -> Batteries -> Rechargeable ,electronics/batteries/rechargeable
"Home -> Printers & Office -> Ink, Toner & Paper -> Ink ",electronics/computers/printers-scanners/ink-toner
"Home -> Printers & Office -> Ink, Toner & Paper -> Paper ",electronics/computers/printers-scanners/paper
"Home -> Printers & Office -> Ink, Toner & Paper -> Toner ",electronics/computers/printers-scanners/ink-toner
Home -> Printers & Office -> Office Accessories -> CD & DVD Media ,electronics/computers/accessories/blank-media-storage
Home -> Printers & Office -> Office Accessories -> Calculators ,electronics/office/office-supplies/calculators
Home -> Printers & Office -> Office Accessories -> Headsets & Microphones ,electronics/computers/accessories/microphones-headsets
Home -> Printers & Office -> Office Accessories -> Label Makers & Label Kits ,electronics/office/office-supplies/label-makers-accessories
Home -> Printers & Office -> Office Accessories -> Laminators ,electronics/office/office-technology/laminators
Home -> Printers & Office -> Office Accessories -> Media Storage ,electronics/computers/accessories/blank-media-storage
Home -> Printers & Office -> Office Accessories -> Shredders ,electronics/office/office-technology/paper-shredders
Home -> Printers & Office -> Office Accessories -> Stationery ,electronics/computers/printers-scanners/fax-machines
Home -> Printers & Office -> Office Accessories -> Translators & Puzzle Solvers ,electronics/office/office-technology/pdas-handhelds
"Home -> Printers & Office -> Printers, Scanners & Faxes -> Inkjet Printers ",electronics/computers/printers-scanners/inkjet-printers
"Home -> Printers & Office -> Printers, Scanners & Faxes -> Laser Printers ",electronics/computers/printers-scanners/laser-printers
"Home -> Printers & Office -> Printers, Scanners & Faxes -> Multifunction & Scanners ",electronics/computers/printers-scanners/multifunction-printers
Home -> Printers & Office -> Telephones & Accessories -> Corded Telephones ,electronics/office/telephones-accessories/corded-telephones
Home -> Printers & Office -> Telephones & Accessories -> Cordless Phone Batteries ,electronics/office/telephones-accessories/telephone-cable-accessories
Home -> Printers & Office -> Telephones & Accessories -> Cordless Telephones ,electronics/office/telephones-accessories/cordless-telephones
Home -> Printers & Office -> Telephones & Accessories -> Telephone Cables & Accessories ,electronics/office/telephones-accessories/telephone-cable-accessories
Home -> TV & Video -> Antennas -> Antenna Accessories ,electronics/tv-video/tv-video-accessories/antennas
Home -> TV & Video -> Antennas -> Antenna Brackets ,electronics/tv-video/tv-video-accessories/antennas
Home -> TV & Video -> Antennas -> Indoor Antennas ,electronics/tv-video/tv-video-accessories/antennas
Home -> TV & Video -> Antennas -> Outdoor Antennas ,electronics/tv-video/tv-video-accessories/antennas
Home -> TV & Video -> Antennas -> Signal Boosters ,electronics/tv-video/tv-video-accessories/antennas
Home -> TV & Video -> Blu-ray & DVD Players -> 3D Blu-ray Players ,electronics/tv-video/bluray-dvd-players/3D-bluray-players
Home -> TV & Video -> Blu-ray & DVD Players -> Blu-ray Players ,electronics/tv-video/bluray-dvd-players/bluray-players
Home -> TV & Video -> Blu-ray & DVD Players -> DVD Players ,electronics/tv-video/bluray-dvd-players/dvd-players
Home -> TV & Video -> Blu-ray & DVD Players -> In Car DVD Players ,electronics/auto-electronics/car-dvd-video
Home -> TV & Video -> Blu-ray & DVD Players -> Portable DVD Players ,electronics/tv-video/bluray-dvd-players/portable-players
Home -> TV & Video -> Cables -> Analogue Video Cables ,electronics/tv-video/tv-video-accessories/cables
Home -> TV & Video -> Cables -> Digital Video Cables ,electronics/tv-video/tv-video-accessories/cables
Home -> TV & Video -> Cables -> TV Connectors ,electronics/tv-video/tv-video-accessories/adaptors
Home -> TV & Video -> Cables -> TV/RF Cables ,electronics/tv-video/tv-video-accessories/cables
Home -> TV & Video -> Cables -> Wire & Loose Cable ,electronics/tv-video/tv-video-accessories/cables
Home -> TV & Video -> Set Top Boxes & PVRs -> Personal Video Recorders ,electronics/tv-video/bluray-dvd-players/bluray-dvd-recorders
Home -> TV & Video -> Set Top Boxes & PVRs -> Set Top Boxes (Freeview) ,electronics/tv-video/settop-boxes-satellite-receivers
Home -> TV & Video -> TV & Video Accessories -> AV Transmitters ,electronics/tv-video/tv-video-accessories/transmitters
Home -> TV & Video -> TV & Video Accessories -> Cleaners ,electronics/tv-video/tv-video-accessories/cleaners
Home -> TV & Video -> TV & Video Accessories -> Media Players ,electronics/tv-video/media-streaming-devices
Home -> TV & Video -> TV & Video Accessories -> TV Adaptors ,electronics/tv-video/tv-video-accessories/adaptors
Home -> TV & Video -> TV & Video Accessories -> TV Remote Controls ,electronics/tv-video/tv-video-accessories/remote-controls
Home -> TV & Video -> TV & Video Accessories -> TV Wall Brackets ,electronics/tv-video/tv-video-accessories/tv-wall-brackets
Home -> TV & Video -> TVs & Projectors -> 3D TV ,electronics/tv-video/tvs/3d-tv
Home -> TV & Video -> TVs & Projectors -> LCD TV ,electronics/tv-video/tvs/lcd-tv
Home -> TV & Video -> TVs & Projectors -> LED TV ,electronics/tv-video/tvs/led-tv
Home -> TV & Video -> TVs & Projectors -> Plasma TV ,electronics/tv-video/tvs/plasma-tv
Home -> TV & Video -> TVs & Projectors -> Projectors ,electronics/tv-video/projectors
